Workbook

Sheet Combined Manoa Data
B2: Date | C2: Site ID | D2: δ18O | E2: δ2H | F2: d-excess (‰) | G2: Temperature | H2: Discharge (m3/s) | I2: Rain or Stream | J2: Elevation (ft) | K2: Precipitation (mm) | L2: Qgw/Qr% | M2: Evaporation Rate (mm/hr) | N2: Rain δ18O | O2: Rain δ2H | P2: Groundwater δ18O | Q2: Groundwater δ2H | R2: 3H
B3: 44970.399 | C3: 1 | D3: -2.6 | E3: -6.7 | F3: =E3 - (8*D3) -> 14.1 | G3: 18 | H3: =0.0283168466*'Hailey''s Data'!I1 -> 0.43891112 | I3: Stream | J3: 460 | K3: 11.9 | L3: 13.090518 | M3: 0.0771006 | N3: -2.5 | O3: -7 | P3: -2.42 | Q3: -4.63
B4: 44970.429 | C4: 2 | D4: -1.9 | E4: -2.2 | F4: =E4 - (8*D4) -> 13 | G4: 18.8 | H4: =0.0283168466*'Hailey''s Data'!I2 -> 0.3511289 | I4: Stream | J4: 270 | K4: 11.9 | L4: 6.5743177 | M4: 0.1256385 | N4: -2.5 | O4: -7 | P4: -2.42 | Q4: -4.63
B5: 44972.373 | C5: 6 | D5: -4 | E5: -21.4 | F5: =E5 - (8*D5) -> 10.6 | G5: 18.5 | H5: =0.0283168466*'Hailey''s Data'!I3 -> 0.43891112 | I5: Stream | J5: 5 | K5: 20.8 | L5: 6.7502481 | M5: 0.00559101 | N5: -6 | O5: -37.1 | P5: -2.42 | Q5: -4.63
B6: 44972.398 | C6: 6 | D6: -3.9 | E6: -20.6 | F6: =E6 - (8*D6) -> 10.6 | G6: 18.5 | H6: =0.0283168466*'Hailey''s Data'!I4 -> 0.41059428 | I6: Stream | J6: 5 | K6: 20.8 | L6: 16.638544 | M6: 0.00559101 | N6: -6 | O6: -37.1 | P6: -2.42 | Q6: -4.63
B7: 44974.371 | C7: 7 | D7: -8.3 | E7: -57.5 | F7: =E7 - (8*D7) -> 8.9 | G7: 19.4 | H7: =0.0283168466*'Hailey''s Data'!I5 -> 0.62580231 | I7: Stream | J7: 5 | K7: 28.2 | L7: 27.129651 | M7: 0.00523663 | N7: -6 | O7: -37.1 | P7: -2.42 | Q7: -4.63
B8: 44974.385 | C8: 7 | D8: -8.4 | E8: -58.3 | F8: =E8 - (8*D8) -> 8.9 | G8: 19.6 | H8: =0.0283168466*'Hailey''s Data'!I6 -> 0.54368345 | I8: Stream | J8: 5 | K8: 28.2 | L8: 1.9843223 | M8: 0.00523663 | N8: -6 | O8: -37.1 | P8: -2.42 | Q8: -4.63
B9: 44974.433 | C9: 3 | D9: -5 | E9: -26.9 | F9: =E9 - (8*D9) -> 13.1 | G9: 18.4 | H9: =0.0283168466*'Hailey''s Data'!I7 -> 0.50403987 | I9: Stream | J9: 230 | K9: 28.2 | L9: 0.29788659 | M9: 0.0106991 | N9: -6 | O9: -37.1 | P9: -2.42 | Q9: -4.63
B10: 44977.372 | C10: 1 | D10: -3.7 | E10: -14.1 | F10: =E10 - (8*D10) -> 15.5 | G10: 17.7 | H10: =0.0283168466*'Hailey''s Data'!I8 -> 0.48421808 | I10: Stream | J10: 460 | K10: 30.5 | L10: 0.43056379 | M10: 0.240284 | N10: -6 | O10: -37.1 | P10: -2.42 | Q10: -4.63
B11: 44977.393 | C11: 1 | D11: -2.6 | E11: -7.6 | F11: =E11 - (8*D11) -> 13.2 | G11: 18.7 | H11: =0.0283168466*'Hailey''s Data'!I9 -> 0.42758438 | I11: Stream | J11: 460 | K11: 30.5 | L11: 1.7414699 | M11: 0.240284 | N11: -6 | O11: -37.1 | P11: -2.42 | Q11: -4.63
B12: 44977.435 | C12: 3 | D12: -3.1 | E12: -10.6 | F12: =E12 - (8*D12) -> 14.2 | G12: 19.3 | H12: =0.0283168466*'Hailey''s Data'!I10 -> 0.43324775 | I12: Stream | J12: 230 | K12: 30.5 | L12: 1.741099 | M12: 0.0306191 | N12: -6 | O12: -37.1 | P12: -2.42 | Q12: -4.63
B13: 44977.449 | C13: 2 | D13: -3.1 | E13: -10.3 | F13: =E13 - (8*D13) -> 14.5 | G13: 18.9 | H13: =0.0283168466*'Hailey''s Data'!I11 -> 0.39926754 | I13: Stream | J13: 270 | K13: 30.5 | L13: 0.27207777 | M13: 0.0771006 | N13: -6 | O13: -37.1 | P13: -2.42 | Q13: -4.63
B14: 44979.367 | C14: 4 | D14: -2.5 | E14: -6.5 | F14: =E14 - (8*D14) -> 13.5 | G14: 19.3 | H14: =0.0283168466*'Hailey''s Data'!I12 -> 0.41908933 | I14: Stream | J14: 80 | K14: 31.8 | L14: 18.101799 | M14: 0.0948266 | N14: -3.1 | O14: -13.6 | P14: -2.42 | Q14: -4.63
... B95: 45266.468 | C95: 4 | D95: -2.4 | E95: -5.1 | F95: =E95 - (8*D95) -> 14.1 | G95: 22.5 | H95: =0.0283168466*'Hailey''s Data'!I93 -> 0.058615872 | I95: Stream | J95: 80 | K95: 24.1 | L95: 6.6731263 | M95: 0.210845 | N95: -4.6 | O95: -25.2 | P95: -2.42 | Q95: -4.63
B96: 45344.601 | C96: 1 | D96: -2.4 | E96: -2.5 | F96: =E96 - (8*D96) -> 16.7 | G96: 19.5 | H96: =0.0283168466*'Hailey''s Data'!I94 -> 4.1342596 | I96: Stream | J96: 460 | K96: 7.1 | L96: 2.5600691 | M96: 0.397368 | P96: -2.42 | Q96: -4.63
B97: 45344.64 | C97: 2 | D97: -2.2 | E97: -3.7 | F97: =E97 - (8*D97) -> 13.9 | G97: 22.8 | H97: =0.0283168466*'Hailey''s Data'!I95 -> 3.5396058 | I97: Stream | J97: 270 | K97: 7.1 | L97: 5.9383414 | M97: 0.159402 | P97: -2.42 | Q97: -4.63
B98: 45344.664 | C98: 3 | D98: -2.6 | E98: -5.6 | F98: =E98 - (8*D98) -> 15.2 | G98: 22.5 | H98: =0.0283168466*'Hailey''s Data'!I96 -> 0.33980216 | I98: Stream | J98: 230 | K98: 7.1 | L98: 7.1595382 | M98: 0.0581616 | P98: -2.42 | Q98: -4.63
B99: 45344.681 | C99: 4 | D99: -2.4 | E99: -4.8 | F99: =E99 - (8*D99) -> 14.4 | G99: 23.6 | H99: =0.0283168466*'Hailey''s Data'!I97 -> 0.33980216 | I99: Stream | J99: 80 | K99: 7.1 | L99: 9.4278579 | M99: 0.168701 | P99: -2.42 | Q99: -4.63
B100: 45345.381 | C100: 6 | D100: -1.6 | E100: 1.3 | F100: =E100 - (8*D100) -> 14.1 | G100: 21 | H100: =0.0283168466*'Hailey''s Data'!I98 -> 0.33980216 | I100: Stream | J100: 80 | K100: 10.9 | L100: 4.7944548 | M100: 0.00559101 | P100: -2.42 | Q100: -4.63
B101: 45345.411 | C101: 6 | D101: -1.5 | E101: 2.1 | F101: =E101 - (8*D101) -> 14.1 | G101: 21.2 | H101: =0.0283168466*'Hailey''s Data'!I99 -> 0.33130711 | I101: Stream | J101: 80 | K101: 10.9 | L101: 8.2670822 | M101: 0.00559101 | P101: -2.42 | Q101: -4.63
B102: 45351.558 | C102: 7 | D102: -2.4 | E102: -3.2 | F102: =E102 - (8*D102) -> 16 | G102: 24.4 | H102: =0.0283168466*'Hailey''s Data'!I100 -> 0.54651514 | I102: Stream | J102: 5 | K102: 53.8 | L102: 0.93092234 | M102: 0.0223054 | P102: -2.42 | Q102: -4.63
B103: 45351.58 | C103: 7 | D103: -2.3 | E103: -2.5 | F103: =E103 - (8*D103) -> 15.9 | G103: 23.8 | H103: =0.0283168466*'Hailey''s Data'!I101 -> 0.68809937 | I103: Stream | J103: 5 | K103: 53.8 | L103: 2.7158395 | M103: 0.0223054 | P103: -2.42 | Q103: -4.63
B104: 45351.612 | C104: 5 | D104: -2.4 | E104: -3.1 | F104: =E104 - (8*D104) -> 16.1 | G104: 23.8 | H104: =0.0283168466*'Hailey''s Data'!I102 -> 0.23333082 | I104: Stream | J104: 80 | K104: 53.8 | L104: 6.2799907 | M104: 0.0669704 | P104: -2.42 | Q104: -4.63
B105: 46001.361 | C105: 5 | D105: -2.3 | E105: -3.8 | F105: =E105 - (8*D105) -> 14.6 | G105: 21.6 | H105: 0.096818425 | I105: Stream | J105: 80 | K105: 0 | L105: 13.077484 | M105: 0.0111231 | P105: -2.42 | Q105: -4.63 | R105: 0.49
B106: 46001.41 | C106: 4 | D106: -2.4 | E106: -4.1 | F106: =E106 - (8*D106) -> 15.1 | G106: 21.4 | H106: 0.07387085 | I106: Stream | J106: 80 | K106: 0 | L106: 32.712149 | M106: 0.0909407 | P106: -2.42 | Q106: -4.63 | R106: 0.52
B107: 46001.474 | C107: 1 | D107: -2.1 | E107: -3.3 | F107: =E107 - (8*D107) -> 13.5 | G107: 22 | H107: 0.0031959 | I107: Stream | J107: 460 | K107: 0 | L107: 10.2811 | M107: 0.305407 | P107: -2.42 | Q107: -4.63 | R107: 0.5
B108: 46001.51 | C108: 2 | D108: -2.1 | E108: -2.7 | F108: =E108 - (8*D108) -> 14.1 | G108: 21.9 | H108: 0.01506689 | I108: Stream | J108: 270 | K108: 0 | L108: 7.0312998 | M108: 0.162014 | P108: -2.42 | Q108: -4.63 | R108: 0.47
B109: 46001.536 | C109: 3 | D109: -2.4 | E109: -4.1 | F109: =E109 - (8*D109) -> 15.1 | G109: 24 | H109: 0.07387085 | I109: Stream | J109: 230 | K109: 0 | L109: 10.034531 | M109: 0.0603415 | P109: -2.42 | Q109: -4.63 | R109: 0.53
B110: 46001.601 | C110: 6 | D110: -2.1 | E110: -3.3 | F110: =E110 - (8*D110) -> 13.5 | G110: 24.7 | H110: 0.1012935 | I110: Stream | J110: 80 | K110: 0 | L110: 8.0372761 | M110: 0.0215673 | P110: -2.42 | Q110: -4.63 | R110: 0.4
B111: 46002 | C111: 1 | D111: -1.4 | E111: 4 | F111: =E111 - (8*D111) -> 15.2 | G111: 20 | H111: =0.02832*1.76 -> 0.0498432 | I111: Rain | J111: 460 | K111: 11.684 | N111: -1.4 | O111: 4 | P111: -2.42 | Q111: -4.63
B112: 46002 | C112: 1 | D112: -1.4 | E112: 4.2 | F112: =E112 - (8*D112) -> 15.4 | G112: 20 | H112: =0.02832*1.76 -> 0.0498432 | I112: Rain | J112: 460 | K112: 11.684 | N112: -1.4 | O112: 4.2 | P112: -2.42 | Q112: -4.63
B113: 46002.396 | C113: 5 | D113: -2.3 | E113: -3.6 | F113: =E113 - (8*D113) -> 14.8 | G113: 22.1 | H113: 0.1089295 | I113: Stream | J113: 80 | K113: 0 | L113: 1.2716559 | M113: 0.0327912 | P113: -2.42 | Q113: -4.63 | R113: 0.49
B114: 46022 | C114: 1 | D114: -2.2 | E114: -4.3 | F114: =E114 - (8*D114) -> 13.3 | G114: 22 | H114: =0.02832*6.01 -> 0.1702032 | I114: Rain | J114: 460 | K114: 363.474 | N114: -2.2 | O114: -4.3 | P114: -2.42 | Q114: -4.63
B115: 46052 | C115: 1 | D115: -2.4 | E115: -3.9 | F115: =E115 - (8*D115) -> 15.3 | G115: 21 | H115: =0.02832*6.64 -> 0.1880448 | I115: Rain | J115: 460 | K115: 263.906 | N115: -2.4 | O115: -3.9 | P115: -2.42 | Q115: -4.63
B116: 46056 | C116: 1 | D116: -1.6 | E116: 0.3 | F116: =E116 - (8*D116) -> 13.1 | G116: 24 | H116: =0.02832*2.31 -> 0.0654192 | I116: Rain | J116: 460 | K116: 10.16 | N116: -1.6 | O116: 0.3 | P116: -2.42 | Q116: -4.63
B117: 46063.515 | C117: 2 | D117: -2.4 | E117: -3.5 | F117: =E117 - (8*D117) -> 15.7 | G117: 20.7 | H117: 0.44147608 | I117: Stream | J117: 270 | K117: 25.4 | L117: 2.6882586 | M117: 0.172401 | N117: -2.8 | O117: -7.5 | P117: -2.42 | Q117: -4.63 | R117: 0.61
B118: 46063.522 | C118: 3 | D118: -2.4 | E118: -3.6 | F118: =E118 - (8*D118) -> 15.6 | G118: 21 | H118: 2.1644953 | I118: Stream | J118: 230 | K118: 25.4 | L118: 4.90549 | M118: 0.0636733 | N118: -2.8 | O118: -7.5 | P118: -2.42 | Q118: -4.63 | R118: 0.66
B119: 46063.531 | C119: 4 | D119: -2.2 | E119: -2.8 | F119: =E119 - (8*D119) -> 14.8 | G119: 22.1 | H119: 2.1644953 | I119: Stream | J119: 80 | K119: 25.4 | L119: 5.3351095 | M119: 0.2293 | N119: -2.8 | O119: -7.5 | P119: -2.42 | Q119: -4.63 | R119: 0.44
B120: 46063.539 | C120: 5 | D120: -2.2 | E120: -2.7 | F120: =E120 - (8*D120) -> 14.9 | G120: 22.4 | H120: 2.836884 | I120: Stream | J120: 80 | K120: 25.4 | L120: 4.2030932 | M120: 0.0677443 | N120: -2.8 | O120: -7.5 | P120: -2.42 | Q120: -4.63 | R120: 0.66
B121: 46063.563 | C121: 6 | D121: -2.1 | E121: -2.7 | F121: =E121 - (8*D121) -> 14.1 | G121: 22.3 | H121: 3.1917515 | I121: Stream | J121: 80 | K121: 25.4 | L121: 2.0216429 | M121: 0.0233487 | N121: -2.8 | O121: -7.5 | P121: -2.42 | Q121: -4.63 | R121: 0.57
B122: 46063.582 | C122: 7 | D122: -2.1 | E122: -3 | F122: =E122 - (8*D122) -> 13.8 | G122: 22.7 | H122: 2.9680085 | I122: Stream | J122: 5 | K122: 25.4 | L122: 1.6028539 | M122: 0.0223054 | N122: -2.8 | O122: -7.5 | P122: -2.42 | Q122: -4.63 | R122: 0.6
B123: 46065 | C123: 1 | D123: -2.8 | E123: -7.5 | F123: =E123 - (8*D123) -> 14.9 | G123: 23.5 | H123: =0.02832*33.6 -> 0.951552 | I123: Rain | J123: 460 | K123: 58.674 | N123: -2.8 | O123: -7.5 | P123: -2.42 | Q123: -4.63
B124: 46080 | C124: 1 | D124: -2.7 | E124: -7.6 | F124: =E124 - (8*D124) -> 14 | G124: 22.6 | H124: =0.02832*8.24 -> 0.2333568 | I124: Rain | J124: 460 | K124: 474.726 | N124: -2.7 | O124: -7.6 | P124: -2.42 | Q124: -4.63
B125: 46093 | C125: 1 | D125: -3.8 | E125: -17.5 | F125: =E125 - (8*D125) -> 12.9 | G125: 21.77 | H125: =0.02832*62.2 -> 1.761504 | I125: Rain | J125: 460 | K125: 101.854 | N125: -3.8 | O125: -17.5 | P125: -2.42 | Q125: -4.63
B126: 46097 | C126: 1 | D126: -6.4 | E126: -41.6 | F126: =E126 - (8*D126) -> 9.6 | G126: 21 | H126: =0.02832*26.1 -> 0.739152 | I126: Rain | J126: 460 | K126: 276.098 | N126: -6.4 | O126: -41.6 | P126: -2.42 | Q126: -4.63
B127: 46105.353 | C127: 2 | D127: -2.9 | E127: -9.6 | F127: =E127 - (8*D127) -> 13.6 | G127: 20.5 | H127: 0.5856646 | I127: Stream | J127: 270 | K127: 13.716 | L127: 9.1934488 | M127: 0.0279311 | N127: -6.4 | O127: -41.6 | P127: -2.42 | Q127: -4.63
B128: 46105.36 | C128: 4 | D128: -2.9 | E128: -9.9 | F128: =E128 - (8*D128) -> 13.3 | G128: 21.3 | H128: 2.8714314 | I128: Stream | J128: 80 | K128: 13.716 | L128: 0.50264816 | M128: 0.0342866 | N128: -6.4 | O128: -41.6 | P128: -2.42 | Q128: -4.63
B129: 46105.367 | C129: 5 | D129: -2.9 | E129: -10.3 | F129: =E129 - (8*D129) -> 12.9 | G129: 21.3 | H129: 3.7634259 | I129: Stream | J129: 80 | K129: 13.716 | L129: 12.032602 | M129: 0.0184657 | N129: -6.4 | O129: -41.6 | P129: -2.42 | Q129: -4.63
B130: 46105.378 | C130: 7 | D130: -3.2 | E130: -12.1 | F130: =E130 - (8*D130) -> 13.5 | G130: 21.5 | H130: 3.9373764 | I130: Stream | J130: 5 | K130: 13.716 | L130: 0.347852 | M130: 0.0127665 | N130: -6.4 | O130: -41.6 | P130: -2.42 | Q130: -4.63
B131: 46112 | C131: 1 | D131: -4.7 | E131: -26.4 | F131: =E131 - (8*D131) -> 11.2 | G131: 21 | H131: =0.02832*11.2 -> 0.317184 | I131: Rain | J131: 460 | K131: 869.44 | N131: -4.7 | O131: -26.4 | P131: -2.42 | Q131: -4.63
B132: 46122.415 | C132: 2 | D132: -3.4 | E132: -15.4 | F132: =E132 - (8*D132) -> 11.8 | G132: 21.5 | H132: 0.057216919 | I132: Stream | J132: 270 | K132: 12.446 | L132: 13.976461 | M132: 0.107826 | N132: -6 | O132: -40.9 | P132: -2.42 | Q132: -4.63
B133: 46122.422 | C133: 4 | D133: -5.8 | E133: -37.2 | F133: =E133 - (8*D133) -> 9.2 | G133: 21.8 | H133: 1.3225265 | I133: Stream | J133: 80 | K133: 12.446 | L133: 0.86691734 | M133: 0.197851 | N133: -6 | O133: -40.9 | P133: -2.42 | Q133: -4.63
B134: 46122.428 | C134: 5 | D134: -5.9 | E134: -39.1 | F134: =E134 - (8*D134) -> 8.1 | G134: 22.4 | H134: 1.7333621 | I134: Stream | J134: 80 | K134: 12.446 | L134: 7.8012863 | M134: 0.061411 | N134: -6 | O134: -40.9 | P134: -2.42 | Q134: -4.63
B135: 46122.439 | C135: 7 | D135: -5 | E135: -30 | F135: =E135 - (8*D135) -> 10 | G135: 22.9 | H135: 1.8134804 | I135: Stream | J135: 5 | K135: 12.446 | L135: 0.4322544 | M135: 0.018351 | N135: -6 | O135: -40.9 | P135: -2.42 | Q135: -4.63
B136: 46125 | C136: 1 | D136: -6 | E136: -40.9 | F136: =E136 - (8*D136) -> 7.1 | G136: 24 | H136: =0.02832*14.4 -> 0.407808 | I136: Rain | J136: 460 | K136: =0.25+0.25+0.25+0.25+0.25+0.25+0.25+0.25+0.51+1.27+0.76+1.02+0.51+1.02+0.51+0.51+0.25+0.51+1.02+0.25+0.51+1.52+1.27+0.76+0.51+0.76+0.25+0.25+0.25+0.25+0.25+1.02+0.76+0.25+0.25+0.25+0.25+0.25+0.51+0.25+0.25+0.25+0.25+0.51+0.25+0.25+0.25+1.02+0.25 -> 23.79 | N136: -6 | O136: -40.9 | P136: -2.42 | Q136: -4.63
B137: 46142 | C137: 1 | D137: -3.6 | E137: -19.2 | F137: =E137 - (8*D137) -> 9.6 | G137: 23.5 | H137: =0.02832*5.69 -> 0.1611408 | I137: Rain | J137: 460 | K137: 193.04 | N137: -3.6 | O137: -19.2 | P137: -2.42 | Q137: -4.63

Sheet Sheet3
B2: Date | C2: Site ID | D2: δ18O | E2: δ2H | F2: d-excess (‰) | G2: Temperature | H2: Discharge (m3/s) | I2: Rain or Stream | J2: Elevation (ft) | K2: Precipitation (mm) | L2: Qgw/Qr% | M2: Evaporation Rate (mm/hr) | N2: Rain δ18O | O2: Rain δ2H | P2: Groundwater δ18O | Q2: Groundwater δ2H | R2: 3H
B3: 46001.361 | C3: 5 | D3: -2.3 | E3: -3.8 | F3: =E3 - (8*D3) -> 14.6 | G3: 21.6 | H3: 0.096818425 | I3: Stream | J3: 80 | K3: 0 | L3: 13.077484 | M3: 0.0111231 | P3: -2.42 | Q3: -4.63 | R3: 0.49
B4: 46001.41 | C4: 4 | D4: -2.4 | E4: -4.1 | F4: =E4 - (8*D4) -> 15.1 | G4: 21.4 | H4: 0.07387085 | I4: Stream | J4: 80 | K4: 0 | L4: 32.712149 | M4: 0.0909407 | P4: -2.42 | Q4: -4.63 | R4: 0.52
B5: 46001.474 | C5: 1 | D5: -2.1 | E5: -3.3 | F5: =E5 - (8*D5) -> 13.5 | G5: 22 | H5: 0.0031959 | I5: Stream | J5: 460 | K5: 0 | L5: 10.2811 | M5: 0.305407 | P5: -2.42 | Q5: -4.63 | R5: 0.5
B6: 46001.51 | C6: 2 | D6: -2.1 | E6: -2.7 | F6: =E6 - (8*D6) -> 14.1 | G6: 21.9 | H6: 0.01506689 | I6: Stream | J6: 270 | K6: 0 | L6: 7.0312998 | M6: 0.162014 | P6: -2.42 | Q6: -4.63 | R6: 0.47
B7: 46001.536 | C7: 3 | D7: -2.4 | E7: -4.1 | F7: =E7 - (8*D7) -> 15.1 | G7: 24 | H7: 0.07387085 | I7: Stream | J7: 230 | K7: 0 | L7: 10.034531 | M7: 0.0603415 | P7: -2.42 | Q7: -4.63 | R7: 0.53
B8: 46001.601 | C8: 6 | D8: -2.1 | E8: -3.3 | F8: =E8 - (8*D8) -> 13.5 | G8: 24.7 | H8: 0.1012935 | I8: Stream | J8: 80 | K8: 0 | L8: 8.0372761 | M8: 0.0215673 | P8: -2.42 | Q8: -4.63 | R8: 0.4
B9: 46002 | C9: 1 | D9: -1.4 | E9: 4 | F9: =E9 - (8*D9) -> 15.2 | G9: 20 | H9: =0.02832*1.76 -> 0.0498432 | I9: Rain | J9: 460 | K9: 11.684 | N9: -1.4 | O9: 4 | P9: -2.42 | Q9: -4.63
B10: 46002 | C10: 1 | D10: -1.4 | E10: 4.2 | F10: =E10 - (8*D10) -> 15.4 | G10: 20 | H10: =0.02832*1.76 -> 0.0498432 | I10: Rain | J10: 460 | K10: 11.684 | N10: -1.4 | O10: 4.2 | P10: -2.42 | Q10: -4.63
B11: 46002.396 | C11: 5 | D11: -2.3 | E11: -3.6 | F11: =E11 - (8*D11) -> 14.8 | G11: 22.1 | H11: 0.1089295 | I11: Stream | J11: 80 | K11: 0 | L11: 1.2716559 | M11: 0.0327912 | P11: -2.42 | Q11: -4.63 | R11: 0.49
B12: 46022 | C12: 1 | D12: -2.2 | E12: -4.3 | F12: =E12 - (8*D12) -> 13.3 | G12: 22 | H12: =0.02832*6.01 -> 0.1702032 | I12: Rain | J12: 460 | K12: 363.474 | N12: -2.2 | O12: -4.3 | P12: -2.42 | Q12: -4.63
B13: 46052 | C13: 1 | D13: -2.4 | E13: -3.9 | F13: =E13 - (8*D13) -> 15.3 | G13: 21 | H13: =0.02832*6.64 -> 0.1880448 | I13: Rain | J13: 460 | K13: 263.906 | N13: -2.4 | O13: -3.9 | P13: -2.42 | Q13: -4.63
B14: 46056 | C14: 1 | D14: -1.6 | E14: 0.3 | F14: =E14 - (8*D14) -> 13.1 | G14: 24 | H14: =0.02832*2.31 -> 0.0654192 | I14: Rain | J14: 460 | K14: 10.16 | N14: -1.6 | O14: 0.3 | P14: -2.42 | Q14: -4.63
B15: 46063.515 | C15: 2 | D15: -2.4 | E15: -3.5 | F15: =E15 - (8*D15) -> 15.7 | G15: 20.7 | H15: 0.44147608 | I15: Stream | J15: 270 | K15: 25.4 | L15: 2.6882586 | M15: 0.172401 | N15: -2.8 | O15: -7.5 | P15: -2.42 | Q15: -4.63 | R15: 0.61
B16: 46063.522 | C16: 3 | D16: -2.4 | E16: -3.6 | F16: =E16 - (8*D16) -> 15.6 | G16: 21 | H16: 2.1644953 | I16: Stream | J16: 230 | K16: 25.4 | L16: 4.90549 | M16: 0.0636733 | N16: -2.8 | O16: -7.5 | P16: -2.42 | Q16: -4.63 | R16: 0.66
B17: 46063.531 | C17: 4 | D17: -2.2 | E17: -2.8 | F17: =E17 - (8*D17) -> 14.8 | G17: 22.1 | H17: 2.1644953 | I17: Stream | J17: 80 | K17: 25.4 | L17: 5.3351095 | M17: 0.2293 | N17: -2.8 | O17: -7.5 | P17: -2.42 | Q17: -4.63 | R17: 0.44
B18: 46063.539 | C18: 5 | D18: -2.2 | E18: -2.7 | F18: =E18 - (8*D18) -> 14.9 | G18: 22.4 | H18: 2.836884 | I18: Stream | J18: 80 | K18: 25.4 | L18: 4.2030932 | M18: 0.0677443 | N18: -2.8 | O18: -7.5 | P18: -2.42 | Q18: -4.63 | R18: 0.66
B19: 46063.563 | C19: 6 | D19: -2.1 | E19: -2.7 | F19: =E19 - (8*D19) -> 14.1 | G19: 22.3 | H19: 3.1917515 | I19: Stream | J19: 80 | K19: 25.4 | L19: 2.0216429 | M19: 0.0233487 | N19: -2.8 | O19: -7.5 | P19: -2.42 | Q19: -4.63 | R19: 0.57
B20: 46063.582 | C20: 7 | D20: -2.1 | E20: -3 | F20: =E20 - (8*D20) -> 13.8 | G20: 22.7 | H20: 2.9680085 | I20: Stream | J20: 5 | K20: 25.4 | L20: 1.6028539 | M20: 0.0223054 | N20: -2.8 | O20: -7.5 | P20: -2.42 | Q20: -4.63 | R20: 0.6

Sheet Hailey's Data
A1: Manoa Tr- Waihi | B1: 44970.399 | C1: HP1 | D1: -2.6 | E1: -6.7 | F1: 0.03 | G1: 0.21 | H1: 18 | I1: 15.5 | J1: 173.86349 | K1: 106 | L1: 70 | M1: dD:temp | N1: =CORREL(H1:H112, E1:E112) -> 0.34868825 | O1: =I1*$O$2 -> 0.4389104 | AA1: GMWL
A2: Waaloa | B2: 44970.429 | C2: HP4 | D2: -1.9 | E2: -2.2 | F2: 0.01 | G2: 0.11 | H2: 18.8 | I2: 12.4 | J2: 177.57552 | K2: 140.6 | L2: =(63.98+70.2+57.01+47)/4 -> 59.5475 | O2: =I2*$O$2 -> 0.35112832
A3: Dole St Bridge | B3: 44972.373 | C3: HP20 | D3: -4 | E3: -21.4 | F3: 0.02 | G3: 0.11 | H3: 18.5 | I3: 15.5 | J3: 9.272717 | K3: 135.6 | O3: =I3*$O$2 -> 0.4389104 | AA3: =8.2*D3+10.8 -> -22
A4: UH Tea Garden | B4: 44972.398 | C4: HP17 | D4: -3.9 | E4: -20.6 | F4: 0.01 | G4: 0.1 | H4: 18.5 | I4: 14.5 | J4: 14.037592 | K4: 134.7 | L4: =(8.06+5.17)/2 -> 6.615 | O4: =I4*$O$2 -> 0.4105936 | AA4: =8.2*D4+10.8 -> -21.18
A5: Kaimuki High School | B5: 44974.371 | C5: HP23 | D5: -8.3 | E5: -57.5 | F5: 0.01 | G5: 0.25 | H5: 19.4 | I5: 22.1 | J5: 68.772669 | K5: 128.7 | L5: 0 | O5: =I5*$O$2 -> 0.62580128 | AA5: =8.2*D5+10.8 -> -57.26
A6: Date St Bridge | B6: 44974.385 | C6: HP26 | D6: -8.4 | E6: -58.3 | F6: 0.01 | G6: 0.16 | H6: 19.6 | I6: 19.2 | J6: 14.746977 | K6: 247.2 | L6: 0 | O6: =I6*$O$2 -> 0.54368256 | AA6: =8.2*D6+10.8 -> -58.08
A7: Ala Wai Estuary | B7: 44974.409 | C7: HP29 | D7: -6.8 | E7: -46.3 | F7: 0.03 | G7: 0.29 | H7: 20.2 | I7: 17.8 | J7: 84.999915 | K7: 6085 | L7: 0 | O7: =I7*$O$2 -> 0.50403904 | AA7: =8.2*D7+10.8 -> -44.96
A8: Pawaina Bridge | B8: 44974.433 | C8: HP7 | D8: -5 | E8: -26.9 | F8: 0.02 | G8: 0.1 | H8: 18.4 | I8: 17.1 | J8: 25.275174 | K8: 119.9 | O8: =I8*$O$2 -> 0.48421728 | AA8: =8.2*D8+10.8 -> -30.2
A9: Manoa Tr- Waihi | B9: 44977.372 | C9: HP2 | D9: -3.7 | E9: -14.1 | F9: 0.01 | G9: 0.09 | H9: 17.7 | I9: 15.1 | J9: 87.318107 | K9: 74.5 | L9: 70 | M9: dD and discharge | N9: =CORREL(I7:I119, E7:E119) -> -0.40901946 | O9: =I9*$O$2 -> 0.42758368 | AA9: =8.2*D9+10.8 -> -19.54
A10: Manoa Tr - Lua-alaea | B10: 44977.393 | C10: HP3 | D10: -2.6 | E10: -7.6 | F10: 0.01 | G10: 0.12 | H10: 18.7 | I10: =15.3 -> 15.3 | J10: 240.4219 | K10: 91.4 | O10: =I10*$O$2 -> 0.43324704 | AA10: =8.2*D10+10.8 -> -10.52
A11: Pawaina Bridge | B11: 44977.435 | C11: HP8 | D11: -3.1 | E11: -10.6 | F11: 0.03 | G11: 0.13 | H11: 19.3 | I11: 14.1 | J11: 57.954496 | K11: 126.8 | O11: =I11*$O$2 -> 0.39926688 | AA11: =8.2*D11+10.8 -> -14.62
A12: Waaloa | B12: 44977.449 | C12: HP5 | D12: -3.1 | E12: -10.3 | F12: 0.03 | G12: 0.25 | H12: 18.9 | I12: 14.8 | J12: 279.84602 | K12: 122.4 | L12: =(63.98+70.2+57.01+47)/4 -> 59.5475 | O12: =I12*$O$2 -> 0.41908864 | AA12: =8.2*D12+10.8 -> -14.62
A13: Manoa District Park | B13: 44979.367 | C13: HP11 | D13: -2.5 | E13: -6.5 | F13: 0.02 | G13: 0.05 | H13: 19.3 | I13: 20.6 | J13: 43.272689 | K13: 150.8 | L13: =(5.15+2.28+1.74+7.04)/4 -> 4.0525 | O13: =I13*$O$2 -> 0.58332608 | AA13: =8.2*D13+10.8 -> -9.7
A14: Manoa Innovation Center Bridge/Woodlawn | B14: 44979.385 | C14: HP14 | D14: -2.4 | E14: -5.7 | F14: 0.01 | G14: 0.04 | H14: 19.5 | I14: 22.4 | J14: 80.716148 | K14: 172.4 | L14: =(3.37+4.54+4.54)/3 -> 4.15 | O14: =I14*$O$2 -> 0.63429632 | AA14: =8.2*D14+10.8 -> -8.88
A15: UH Tea Garden | B15: 44979.542 | C15: HP18 | D15: -2.1 | E15: -4.2 | F15: 0.01 | G15: 0.14 | H15: 20.3 | I15: 20.9 | J15: 6.954538 | K15: 140.3 | L15: =(8.06+5.17)/2 -> 6.615 | O15: =I15*$O$2 -> 0.59182112 | AA15: =8.2*D15+10.8 -> -6.42
A16: Dole St Bridge | B16: 44979.562 | C16: HP21 | D16: -2.1 | E16: -4.1 | F16: 0.02 | G16: 0.15 | H16: 20.2 | I16: 20.9 | J16: 11.931954 | K16: 140.8 | O16: =I16*$O$2 -> 0.59182112 | AA16: =8.2*D16+10.8 -> -6.42
A17: Kaimuki High School | B17: 44981.361 | C17: HP24 | D17: -2.1 | E17: -4.4 | F17: 0.03 | G17: 0.18 | H17: 19 | I17: 12 | J17: 45.590871 | K17: 209.4 | L17: 0 | O17: =I17*$O$2 -> 0.3398016 | AA17: =8.2*D17+10.8 -> -6.42
A18: Date St Bridge | B18: 44981.375 | C18: HP27 | D18: -2.1 | E18: -4.2 | F18: 0.01 | G18: 0.23 | H18: 19.1 | I18: 11.7 | J18: 119.34456 | K18: 1058 | L18: 0 | O18: =I18*$O$2 -> 0.33130656 | AA18: =8.2*D18+10.8 -> -6.42
A19: Ala Wai Estuary | B19: 44981.396 | C19: HP30 | D19: -1.3 | E19: -1.6 | F19: 0.01 | G19: 0.1 | H19: 20.7 | I19: 13.5 | J19: 45.59087 | K19: 17408 | L19: 0 | O19: =I19*$O$2 -> 0.3822768 | AA19: =8.2*D19+10.8 -> 0.14
A20: Manoa Innovation Center Bridge/Woodlawn | B20: 44986.364 | C20: HP15 | D20: -2.8 | E20: -6.4 | F20: 0.02 | G20: 0.05 | H20: 17.7 | I20: 38.3 | J20: 3.0800034 | K20: 156 | L20: =(3.37+4.54+4.54)/3 -> 4.15 | O20: =I20*$O$2 -> 1.0845334 | AA20: =8.2*D20+10.8 -> -12.16
A21: Manoa District Park | B21: 44986.382 | C21: HP12 | D21: -2.9 | E21: -6.7 | F21: 0.01 | G21: 0.05 | H21: 17.7 | I21: 33.8 | J21: 90.586264 | K21: 128.3 | L21: =(5.15+2.28+1.74+7.04)/4 -> 4.0525 | O21: =I21*$O$2 -> 0.95710784 | AA21: =8.2*D21+10.8 -> -12.98
A22: Pawaina Bridge | B22: 44986.401 | C22: HP9 | D22: -3.1 | E22: -10.3 | F22: 0.01 | G22: 0.07 | H22: 17.5 | I22: 30.7 | J22: 6.953165 | K22: 112.2 | O22: =I22*$O$2 -> 0.86932576 | AA22: =8.2*D22+10.8 -> -14.62
A23: Pawaina Bridge | B23: 45019.382 | C23: HP10 | D23: -2.7 | E23: -6.9 | F23: 0.01 | G23: 0.05 | H23: 21.5 | I23: 22.3 | J23: 38.602018 | K23: 135 | O23: =I23*$O$2 -> 0.63146464 | AA23: =8.2*D23+10.8 -> -11.34
A24: Waaloa | B24: 45019.401 | C24: HP6 | D24: -2.7 | E24: -6.9 | F24: 0.02 | G24: 0.06 | H24: 21.2 | I24: 20.1 | J24: 46.085419 | K24: 128 | L24: =(63.98+70.2+57.01+47)/4 -> 59.5475 | O24: =I24*$O$2 -> 0.56916768 | AA24: =8.2*D24+10.8 -> -11.34
A25: Manoa District Park | B25: 45028.354 | C25: HP13 | D25: -2.3 | E25: -4.6 | F25: 0.01 | G25: 0.03 | H25: 21.6 | I25: 8.52 | J25: 21.606146 | K25: 178 | L25: =(5.15+2.28+1.74+7.04)/4 -> 4.0525 | O25: =I25*$O$2 -> 0.24125914 | AA25: =8.2*D25+10.8 -> -8.06
A26: Manoa Innovation Center Bridge/Woodlawn | B26: 45028.369 | C26: HP16 | D26: -2.3 | E26: -4.5 | F26: 0.01 | G26: 0.07 | H26: 21.8 | I26: 8.52 | J26: 85.667001 | K26: 170.4 | L26: =(3.37+4.54+4.54)/3 -> 4.15 | O26: =I26*$O$2 -> 0.24125914 | AA26: =8.2*D26+10.8 -> -8.06
A27: UH Tea Garden | B27: 45030.338 | C27: HP19 | D27: -2.1 | E27: -3.8 | F27: 0.02 | G27: 0.08 | H27: 21.4 | I27: 9.31 | J27: 4.6281233 | K27: 109.3 | L27: =(8.06+5.17)/2 -> 6.615 | O27: =I27*$O$2 -> 0.26362941 | AA27: =8.2*D27+10.8 -> -6.42
A28: Dole St Bridge | B28: 45030.351 | C28: HP22 | D28: -2.1 | E28: -3.6 | F28: 0.02 | G28: 0.03 | H28: 21.5 | I28: 9.31 | J28: 13.167262 | K28: 173.4 | O28: =I28*$O$2 -> 0.26362941 | AA28: =8.2*D28+10.8 -> -6.42
A29: Kaimuki High School | B29: 45033.361 | C29: HP25 | D29: -2.2 | E29: -4.6 | F29: 0.03 | G29: 0.06 | H29: 22.5 | I29: 4.52 | J29: 15.427078 | K29: 214.2 | L29: 0 | O29: =I29*$O$2 -> 0.12799194 | AA29: =8.2*D29+10.8 -> -7.24
A30: Date St Bridge | B30: 45033.375 | C30: HP28 | D30: -2.2 | E30: -4.7 | F30: 0.01 | G30: 0.11 | H30: 23.8 | I30: 4.52 | J30: 93.63542 | K30: 649 | L30: 0 | O30: =I30*$O$2 -> 0.12799194 | AA30: =8.2*D30+10.8 -> -7.24
A31: Ala Wai Estuary | B31: 45033.387 | C31: HP31 | D31: -1.4 | E31: -2 | F31: 0.02 | G31: 0.09 | H31: 25 | I31: 4.52 | J31: 137.16015 | K31: 18092 | L31: 0 | O31: =I31*$O$2 -> 0.12799194 | AA31: =8.2*D31+10.8 -> -0.68
A32: Manoa Tr- Waihi | B32: 45042.376 | C32: HP33 | D32: -2.6 | E32: -5.4 | F32: 0.03 | G32: 0.21 | H32: 20.4 | I32: 15.16 | J32: 89.654729 | K32: 106 | L32: 70 | M32: dD and radon | N32: =CORREL(J30:J141, E30:E141) -> 0.015535279 | O32: =I32*$O$2 -> 0.42928269 | AA32: =8.2*D32+10.8 -> -10.52
A33: Date St Bridge | B33: 45058.451 | C33: HP58 | D33: -2.4 | E33: -4.7 | F33: 0.01 | G33: 0.03 | H33: 24.6 | I33: 11.4 | J33: 34.730149 | K33: 188 | L33: 0 | O33: =I33*$O$2 -> 0.32281152 | AA33: =8.2*D33+10.8 -> -8.88
A34: Ala Wai Estuary | B34: 45058.469 | C34: HP61 | D34: -2.4 | E34: -4.4 | F34: 0.02 | G34: 0.05 | H34: 26.2 | I34: 11.1 | J34: 10.815515 | K34: 3130 | L34: 0 | O34: =I34*$O$2 -> 0.31431648 | AA34: =8.2*D34+10.8 -> -8.88
A35: Kaimuki High School | B35: 45061.424 | C35: HP55 | D35: -2.4 | E35: -4.6 | F35: 0.04 | G35: 0.19 | H35: 23.1 | I35: 6.57 | J35: 2.893458 | K35: 164 | L35: 0 | O35: =I35*$O$2 -> 0.18604138 | AA35: =8.2*D35+10.8 -> -8.88
A36: Dole St Bridge | B36: 45061.453 | C36: HP52 | D36: -2.1 | E36: -4.5 | F36: 0.02 | G36: 0.05 | H36: 21.3 | I36: 7.3 | J36: 11.570306 | K36: 174.2 | O36: =I36*$O$2 -> 0.20671264 | AA36: =8.2*D36+10.8 -> -6.42
A37: UH Tea Garden | B37: 45061.469 | C37: HP49 | D37: -2.3 | E37: -4.3 | F37: 0.02 | G37: 0.06 | H37: 21.2 | I37: 7.05 | J37: 5.7674203 | K37: 106.6 | L37: =(8.06+5.17)/2 -> 6.615 | O37: =I37*$O$2 -> 0.19963344 | AA37: =8.2*D37+10.8 -> -8.06
A38: Manoa Innovation Center Bridge/Woodlawn | B38: 45061.486 | C38: HP46 | D38: -2.4 | E38: -4.1 | F38: 0.03 | G38: 0.13 | H38: 23.6 | I38: 6.57 | J38: 90.409013 | K38: 162 | L38: =(3.37+4.54+4.54)/3 -> 4.15 | O38: =I38*$O$2 -> 0.18604138 | AA38: =8.2*D38+10.8 -> -8.88
A39: Waaloa | B39: 45062.476 | C39: HP37 | D39: -2.6 | E39: -0.2 | F39: 0.02 | G39: 0.16 | H39: 20.2 | I39: 24.8 | J39: 5.0468135 | K39: 59 | L39: =(63.98+70.2+57.01+47)/4 -> 59.5475 | O39: =I39*$O$2 -> 0.70225664 | AA39: =8.2*D39+10.8 -> -10.52
A40: Pawaina Bridge | B40: 45062.49 | C40: HP40 | D40: -2.4 | E40: -0.4 | F40: 0.02 | G40: 0.09 | H40: 20.5 | I40: 71.1 | J40: 38.592406 | K40: 76.1 | O40: =I40*$O$2 -> 2.0133245 | AA40: =8.2*D40+10.8 -> -8.88
A41: Manoa District Park | B41: 45062.531 | C41: HP43 | D41: -2.3 | E41: 0.3 | F41: 0.01 | G41: 0.13 | H41: 22.9 | I41: 47.4 | J41: 7.931806 | K41: 48.2 | L41: =(5.15+2.28+1.74+7.04)/4 -> 4.0525 | O41: =I41*$O$2 -> 1.3422163 | AA41: =8.2*D41+10.8 -> -8.06
A42: Base of Manoa Falls | B42: 45063.465 | C42: HP32 | D42: -3 | E42: -4.3 | F42: 0.04 | G42: 0.34 | H42: 19.3 | I42: =3.16 -> 3.16 | K42: 57.5 | N42: Correlation | O42: =I42*$O$2 -> 0.089481088 | AA42: =8.2*D42+10.8 -> -13.8
A43: Manoa Tr- Waihi | B43: 45063.486 | C43: HP34 | D43: -2.6 | E43: -3.8 | F43: 0.02 | G43: 0.1 | H43: 19.9 | I43: 11 | J43: 220.99979 | K43: 55.7 | L43: 70 | M43: dD and spc | N43: =CORREL(K39:K151, E39:E151) -> 0.36629404 | O43: =I43*$O$2 -> 0.3114848 | AA43: =8.2*D43+10.8 -> -10.52
A44: Ala Wai Estuary | B44: 45077.615 | C44: HP62 | D44: -0.5 | E44: 0.6 | F44: 0.05 | G44: 0.19 | H44: 29.4 | I44: 3.71 | J44: 3.613311 | K44: 45500 | L44: 0 | O44: =I44*$O$2 -> 0.10505533 | AA44: =8.2*D44+10.8 -> 6.7
A45: Date St Bridge | B45: 45077.625 | C45: HP59 | D45: -1.3 | E45: -1.9 | F45: 0.03 | G45: 0.08 | H45: 30 | I45: 3.71 | J45: 84.355294 | K45: 21570 | L45: 0 | O45: =I45*$O$2 -> 0.10505533 | AA45: =8.2*D45+10.8 -> 0.14
A46: Kaimuki High School | B46: 45077.635 | C46: HP56 | D46: -2.3 | E46: -4.4 | F46: 0.01 | G46: 0.04 | H46: 27.7 | I46: 4.91 | J46: 10.847642 | K46: 271.6 | L46: 0 | O46: =I46*$O$2 -> 0.13903549 | AA46: =8.2*D46+10.8 -> -8.06
A47: Dole St Bridge | B47: 45077.651 | C47: HP53 | D47: -2.4 | E47: -4.9 | F47: 0.03 | G47: 0.13 | H47: 24.5 | I47: 4.71 | J47: 20.892555 | K47: 43.7 | O47: =I47*$O$2 -> 0.13337213 | AA47: =8.2*D47+10.8 -> -8.88
A48: UH Tea Garden | B48: 45078.604 | C48: HP50 | D48: -2.4 | E48: -5.4 | F48: 0.01 | G48: 0.21 | H48: 24.4 | I48: 5.12 | J48: 2.169528 | K48: 75 | L48: =(8.06+5.17)/2 -> 6.615 | O48: =I48*$O$2 -> 0.14498202 | AA48: =8.2*D48+10.8 -> -8.88
A49: Manoa Innovation Center Bridge/Woodlawn | B49: 45078.615 | C49: HP47 | D49: -2.3 | E49: -4 | F49: 0.03 | G49: 0.14 | H49: 25.3 | I49: 5.12 | J49: 71.179064 | K49: 157 | L49: =(3.37+4.54+4.54)/3 -> 4.15 | O49: =I49*$O$2 -> 0.14498202 | AA49: =8.2*D49+10.8 -> -8.06
A50: Manoa District Park | B50: 45078.627 | C50: HP44 | D50: -2.3 | E50: -4.1 | F50: 0.02 | G50: 0.07 | H50: 23.9 | I50: 9.52 | J50: 22.403045 | K50: 145.8 | L50: =(5.15+2.28+1.74+7.04)/4 -> 4.0525 | O50: =I50*$O$2 -> 0.26957594 | AA50: =8.2*D50+10.8 -> -8.06
A51: Pawaina Bridge | B51: 45078.638 | C51: HP41 | D51: -2.1 | E51: -3.1 | F51: 0.02 | G51: 0.06 | H51: 23.4 | I51: 10.1 | J51: 54.95036 | K51: 108 | O51: =I51*$O$2 -> 0.28599968 | AA51: =8.2*D51+10.8 -> -6.42
A52: Waaloa | B52: 45079.392 | C52: HP38 | D52: -2.5 | E52: -4.2 | F52: 0.06 | G52: 0.3 | H52: 21.1 | I52: 8.72 | J52: 5.7854098 | K52: 85.6 | L52: =(63.98+70.2+57.01+47)/4 -> 59.5475 | O52: =I52*$O$2 -> 0.2469225 | AA52: =8.2*D52+10.8 -> -9.7
A53: Manoa Tr- Waihi | B53: 45079.417 | C53: HP35 | D53: -2.5 | E53: -4.2 | F53: 0.04 | G53: 0.12 | H53: 20.5 | I53: 8.46 | J53: 360.36915 | K53: 83 | L53: 70 | M53: dD and canopy | N53: =CORREL(L49:L160, E49:E160) -> -0.071072972 | O53: =I53*$O$2 -> 0.23956013 | AA53: =8.2*D53+10.8 -> -9.7
A54: Ala Wai Estuary | B54: 45121.42 | C54: HP63 | D54: -0.3 | E54: 1.2 | F54: 0.04 | G54: 0.09 | H54: 26.9 | I54: 3.16 | J54: 7.909755 | K54: 44289 | L54: 0 | O54: =I54*$O$2 -> 0.089481088 | AA54: =8.2*D54+10.8 -> 8.34
A55: Date St Bridge | B55: 45121.438 | C55: HP60 | D55: -1.6 | E55: -2.6 | F55: 0.02 | G55: 0.05 | H55: 27 | I55: 3.16 | J55: 102.93104 | K55: 15600 | L55: 0 | O55: =I55*$O$2 -> 0.089481088 | AA55: =8.2*D55+10.8 -> -2.32
A56: Kaimuki High School | B56: 45121.458 | C56: HP57 | D56: -2.3 | E56: -4.6 | F56: 0.03 | G56: 0.13 | H56: 26 | I56: 3.16 | J56: 3.95722 | K56: 225 | L56: 0 | O56: =I56*$O$2 -> 0.089481088 | AA56: =8.2*D56+10.8 -> -8.06
A57: Dole St Bridge | B57: 45121.479 | C57: HP54 | D57: -2.3 | E57: -4.7 | F57: 0.02 | G57: 0.13 | H57: 23.7 | I57: 3.16 | J57: 13.159764 | K57: 190.2 | O57: =I57*$O$2 -> 0.089481088 | AA57: =8.2*D57+10.8 -> -8.06
A58: Pawaina Bridge | B58: 45124.368 | C58: HP42 | D58: -2.6 | E58: -5.3 | F58: 0.02 | G58: 0.15 | H58: 22 | I58: 2.98 | J58: 19.781412 | K58: 160 | O58: =I58*$O$2 -> 0.084384064 | AA58: =8.2*D58+10.8 -> -10.52
A59: Manoa District Park | B59: 45124.375 | C59: HP45 | D59: -2.4 | E59: -4.6 | F59: 0.02 | G59: 0.04 | H59: 22.7 | I59: 2.98 | J59: 36.374621 | K59: 171.3 | L59: =(5.15+2.28+1.74+7.04)/4 -> 4.0525 | O59: =I59*$O$2 -> 0.084384064 | AA59: =8.2*D59+10.8 -> -8.88
A60: Manoa Innovation Center Bridge/Woodlawn | B60: 45124.387 | C60: HP48 | D60: -2.4 | E60: -4.6 | F60: 0.01 | G60: 0.07 | H60: 23.1 | I60: 2.98 | J60: 64.622857 | K60: 174.8 | L60: =(3.37+4.54+4.54)/3 -> 4.15 | O60: =I60*$O$2 -> 0.084384064 | AA60: =8.2*D60+10.8 -> -8.88
A61: UH Tea Garden | B61: 45124.406 | C61: HP51 | D61: -2.3 | E61: -4.4 | F61: 0.02 | G61: 0.12 | H61: 23.1 | I61: 2.98 | J61: 5.418727 | K61: 183.1 | L61: =(8.06+5.17)/2 -> 6.615 | O61: =I61*$O$2 -> 0.084384064 | AA61: =8.2*D61+10.8 -> -8.06
A62: Manoa Tr- Waihi | B62: 45125.417 | C62: HP36 | D62: -2.5 | E62: -4.8 | F62: 0.01 | G62: 0.17 | H62: 21.7 | I62: 3.71 | J62: 26.367405 | K62: 103.4 | L62: 70 | M62: 18O and temp | N62: =CORREL(D56:D168, H56:H168) -> 0.60114243 | O62: =I62*$O$2 -> 0.10505533 | AA62: =8.2*D62+10.8 -> -9.7
A63: Waaloa | B63: 45125.448 | C63: HP39 | D63: -2.3 | E63: -4.1 | F63: 0.01 | G63: 0.13 | H63: 22.3 | I63: 3.52 | J63: 215.84024 | K63: 153 | L63: =(63.98+70.2+57.01+47)/4 -> 59.5475 | O63: =I63*$O$2 -> 0.099675136 | AA63: =8.2*D63+10.8 -> -8.06
A64: Ala Wai Estuary | B64: 45152.59 | C64: HP100 | D64: -0.3 | E64: 0.3 | F64: 0 | G64: 0.11 | H64: 29.4 | I64: 3.89 | J64: 83.050069 | K64: 39250 | L64: 0 | O64: =I64*$O$2 -> 0.11015235 | AA64: =8.2*D64+10.8 -> 8.34
A65: Date St Bridge | B65: 45152.606 | C65: HP96 | D65: -1.2 | E65: -2.1 | F65: 0.02 | G65: 0.13 | H65: 30.2 | I65: 6.55 | J65: 129.97796 | K65: 25700 | L65: 0 | O65: =I65*$O$2 -> 0.18547504 | AA65: =8.2*D65+10.8 -> 0.96
A66: Kaimuki High School | B66: 45152.622 | C66: HP92 | D66: -2.3 | E66: -5.3 | F66: 0.03 | G66: 0.08 | H66: 28.1 | I66: 6.55 | J66: 52.617071 | K66: 281.2 | L66: 0 | O66: =I66*$O$2 -> 0.18547504 | AA66: =8.2*D66+10.8 -> -8.06
A67: Dole St Bridge | B67: 45152.642 | C67: HP88 | D67: -2.5 | E67: -6 | F67: 0.01 | G67: 0.1 | H67: 24.7 | I67: 5.05 | J67: 10.552586 | K67: 192.1 | O67: =I67*$O$2 -> 0.14299984 | AA67: =8.2*D67+10.8 -> -9.7
A68: Pawaina Bridge | B68: 45153.462 | C68: HP72 | D68: -2.8 | E68: -7.5 | F68: 0.04 | G68: 0.29 | H68: 23.1 | I68: 3.01 | J68: 6.59068 | K68: 157.2 | O68: =I68*$O$2 -> 0.085233568 | AA68: =8.2*D68+10.8 -> -12.16
A69: Manoa District Park | B69: 45153.476 | C69: HP76 | D69: -2.4 | E69: -5.1 | F69: 0.01 | G69: 0.08 | H69: 24.2 | I69: 3.35 | J69: 112.96968 | K69: 97.5 | L69: =(5.15+2.28+1.74+7.04)/4 -> 4.0525 | O69: =I69*$O$2 -> 0.09486128 | AA69: =8.2*D69+10.8 -> -8.88
A70: Manoa Innovation Center Bridge/Woodlawn | B70: 45153.49 | C70: HP80 | D70: -2.4 | E70: -5.3 | F70: 0.03 | G70: 0.17 | H70: 26.6 | I70: 3.35 | J70: 11.866975 | K70: 164.7 | L70: =(3.37+4.54+4.54)/3 -> 4.15 | O70: =I70*$O$2 -> 0.09486128 | AA70: =8.2*D70+10.8 -> -8.88
A71: UH Tea Garden | B71: 45153.504 | C71: HP84 | D71: -2.4 | E71: -5.2 | F71: 0.03 | G71: 0.11 | H71: 24.3 | I71: 3.35 | J71: 20.895298 | K71: 105.2 | L71: =(8.06+5.17)/2 -> 6.615 | O71: =I71*$O$2 -> 0.09486128 | AA71: =8.2*D71+10.8 -> -8.88
A72: Manoa Tr- Waihi | B72: 45154.556 | C72: HP64 | D72: -2.7 | E72: -6.6 | F72: 0.02 | G72: 0.05 | H72: 22.6 | I72: 6.55 | J72: 3.95722 | K72: 98.5 | L72: 70 | M72: 18O and discharge | N72: =CORREL(D65:D177, I65:I177) -> -0.5789796 | O72: =I72*$O$2 -> 0.18547504 | AA72: =8.2*D72+10.8 -> -11.34
A73: Waaloa | B73: 45154.58 | C73: HP68 | D73: -2.4 | E73: -5.2 | F73: 0.02 | G73: 0.06 | H73: 23.3 | I73: 6.33 | J73: 213.6653 | K73: 75.9 | L73: =(63.98+70.2+57.01+47)/4 -> 59.5475 | O73: =I73*$O$2 -> 0.17924534 | AA73: =8.2*D73+10.8 -> -8.88
A74: Ala Wai Estuary | B74: 45175.606 | C74: HP101 | D74: -0.4 | E74: 0.4 | F74: 0.05 | G74: 0.22 | H74: 30.2 | I74: 4.45 | J74: 8.6755458 | K74: 40844 | L74: 0 | O74: =I74*$O$2 -> 0.12600976 | AA74: =8.2*D74+10.8 -> 7.52
A75: Date St Bridge | B75: 45175.632 | C75: HP97 | D75: -0.9 | E75: -1.2 | F75: 0.06 | G75: 0.18 | H75: 32.4 | I75: 4.45 | J75: 67.311291 | K75: 30255 | L75: 0 | O75: =I75*$O$2 -> 0.12600976 | AA75: =8.2*D75+10.8 -> 3.42
A76: Kaimuki High School | B76: 45176.562 | C76: HP93 | D76: -2.4 | E76: -5.5 | F76: 0.03 | G76: 0.07 | H76: 28.3 | I76: 4.65 | J76: 5.7854095 | K76: 314 | L76: 0 | O76: =I76*$O$2 -> 0.13167312 | AA76: =8.2*D76+10.8 -> -8.88
A77: Dole St Bridge | B77: 45176.585 | C77: HP89 | D77: -2.4 | E77: -6.2 | F77: 0.02 | G77: 0.05 | H77: 25.8 | I77: 4.45 | J77: 5.4159773 | K77: 155.6 | O77: =I77*$O$2 -> 0.12600976 | AA77: =8.2*D77+10.8 -> -8.88
A78: UH Tea Garden | B78: 45177.453 | C78: HP85 | D78: -2.4 | E78: -5.2 | F78: 0.03 | G78: 0.23 | H78: 24 | I78: 4.65 | J78: 2.1708194 | K78: 171.3 | L78: =(8.06+5.17)/2 -> 6.615 | O78: =I78*$O$2 -> 0.13167312 | AA78: =8.2*D78+10.8 -> -8.88
A79: Manoa District Park | B79: 45183.578 | C79: HP77 | D79: -2.2 | E79: -5.5 | F79: 0.02 | G79: 0.06 | H79: 25.7 | I79: 3.01 | J79: 80.98831 | K79: 80.1 | L79: =(5.15+2.28+1.74+7.04)/4 -> 4.0525 | O79: =I79*$O$2 -> 0.085233568 | AA79: =8.2*D79+10.8 -> -7.24
A80: Pawaina Bridge | B80: 45183.594 | C80: HP73 | D80: -2.5 | E80: -5.6 | F80: 0.03 | G80: 0.21 | H80: 24.2 | I80: 4.65 | J80: 44.99464 | K80: 147.5 | O80: =I80*$O$2 -> 0.13167312 | AA80: =8.2*D80+10.8 -> -9.7
A81: Waaloa | B81: 45187.458 | C81: HP69 | D81: -1.8 | E81: -2.8 | F81: 0.03 | G81: 0.15 | H81: 24.3 | I81: 3.7 | J81: 37.187098 | K81: 69.3 | L81: =(63.98+70.2+57.01+47)/4 -> 59.5475 | O81: =I81*$O$2 -> 0.10477216 | AA81: =8.2*D81+10.8 -> -3.96
A82: Manoa Innovation Center Bridge/Woodlawn | B82: 45187.475 | C82: HP81 | D82: -2.4 | E82: -6 | F82: 0.02 | G82: 0.15 | H82: 25.9 | I82: 4.65 | J82: 50.292007 | K82: 173.4 | L82: =(3.37+4.54+4.54)/3 -> 4.15 | O82: =I82*$O$2 -> 0.13167312 | AA82: =8.2*D82+10.8 -> -8.88
A83: Manoa Tr- Waihi | B83: 45187.487 | C83: HP65 | D83: -2.6 | E83: -6.1 | F83: 0.03 | G83: 0.15 | H83: 22.3 | I83: 9.2 | J83: 5.7191559 | K83: 60.6 | L83: 70 | M83: 18O and radon | N83: =CORREL(D76:D187, J76:J187) -> 0.070432704 | O83: =I83*$O$2 -> 0.26051456 | AA83: =8.2*D83+10.8 -> -10.52
A84: Ala Wai Estuary | B84: 45238.49 | C84: HP102 | D84: -0.4 | E84: 0.9 | F84: 0.03 | G84: 0.11 | H84: 27.7 | I84: 2.84 | J84: 46.29373 | K84: 45600 | L84: 0 | O84: =I84*$O$2 -> 0.080419712 | AA84: =8.2*D84+10.8 -> 7.52
A85: Date St Bridge | B85: 45238.507 | C85: HP98 | D85: -0.9 | E85: -0.7 | F85: 0.05 | G85: 0.23 | H85: 27.6 | I85: 2.84 | J85: 119.9599 | K85: 26500 | L85: 0 | O85: =I85*$O$2 -> 0.080419712 | AA85: =8.2*D85+10.8 -> 3.42
A86: Kaimuki High School | B86: 45238.524 | C86: HP94 | D86: -2.3 | E86: -4.2 | F86: 0.01 | G86: 0.09 | H86: 26.4 | I86: 2.84 | J86: 18.07814 | K86: 249.8 | L86: 0 | O86: =I86*$O$2 -> 0.080419712 | AA86: =8.2*D86+10.8 -> -8.06
A87: Manoa Innovation Center Bridge/Woodlawn | B87: 45238.547 | C87: HP82 | D87: -2.2 | E87: -3.3 | F87: 0.02 | G87: 0.17 | H87: 26.3 | I87: 2.68 | J87: 92.86772 | K87: 159.7 | L87: =(3.37+4.54+4.54)/3 -> 4.15 | O87: =I87*$O$2 -> 0.075889024 | AA87: =8.2*D87+10.8 -> -7.24
A88: UH Tea Garden | B88: 45239.549 | C88: HP86 | D88: -2.4 | E88: -4.6 | F88: 0.02 | G88: 0.13 | H88: 23.5 | I88: 2.07 | J88: 18.57575 | K88: 187 | L88: =(8.06+5.17)/2 -> 6.615 | O88: =I88*$O$2 -> 0.058615776 | AA88: =8.2*D88+10.8 -> -8.88
A89: Dole St Bridge | B89: 45239.578 | C89: HP90 | D89: -2.4 | E89: -5.2 | F89: 0.02 | G89: 0.01 | H89: 24.2 | I89: 2.07 | J89: 7.952364 | K89: 184 | O89: =I89*$O$2 -> 0.058615776 | AA89: =8.2*D89+10.8 -> -8.88
A90: Manoa Tr- Waihi | B90: 45240.433 | C90: HP66 | D90: -2.4 | E90: -3.6 | F90: 0.02 | G90: 0.06 | H90: 22.5 | I90: 2.07 | J90: 23.15198 | K90: 101.4 | L90: 70 | M90: 18O and spc | N90: =CORREL(D81:D193, K81:K193) -> 0.54695444 | O90: =I90*$O$2 -> 0.058615776 | AA90: =8.2*D90+10.8 -> -8.88
A91: Waaloa | B91: 45240.463 | C91: HP70 | D91: -2.1 | E91: -3.2 | F91: 0.03 | G91: 0.12 | H91: 23.5 | I91: 2.07 | J91: 1328.378 | K91: 185.5 | L91: =(63.98+70.2+57.01+47)/4 -> 59.5475 | O91: =I91*$O$2 -> 0.058615776 | AA91: =8.2*D91+10.8 -> -6.42
A92: Pawaina Bridge | B92: 45240.482 | C92: HP74 | D92: -2.6 | E92: -5.6 | F92: 0.04 | G92: 0.13 | H92: 23.2 | I92: 2.07 | J92: 60.06 | K92: 147.5 | O92: =I92*$O$2 -> 0.058615776 | AA92: =8.2*D92+10.8 -> -10.52
A93: Manoa District Park | B93: 45240.5 | C93: HP78 | D93: -2.5 | E93: -5.1 | F93: 0.04 | G93: 0.19 | H93: 24.6 | I93: 2.07 | J93: 175.0679 | K93: 170.2 | L93: =(5.15+2.28+1.74+7.04)/4 -> 4.0525 | O93: =I93*$O$2 -> 0.058615776 | AA93: =8.2*D93+10.8 -> -9.7
A94: Ala Wai Estuary | B94: 45259.441 | C94: HP103 | D94: -3.4 | E94: -14.6 | F94: 0.01 | G94: 0.09 | H94: 23 | I94: 146 | J94: 29.637403 | K94: 4243 | L94: 0 | O94: =I94*$O$2 -> 4.1342528 | AA94: =8.2*D94+10.8 -> -17.08
A95: Date St Bridge | B95: 45259.463 | C95: HP99 | D95: -5.6 | E95: -31.9 | F95: 0.02 | G95: 0.02 | H95: 22.9 | I95: 125 | J95: 12.385663 | K95: 122.5 | L95: 0 | O95: =I95*$O$2 -> 3.5396 | AA95: =8.2*D95+10.8 -> -35.12
A96: Kaimuki High School | B96: 45260.521 | C96: HP95 | D96: -2.7 | E96: -6.7 | F96: 0.01 | G96: 0.05 | H96: 22.7 | I96: 12 | J96: 10.130923 | K96: 196.4 | L96: 0 | O96: =I96*$O$2 -> 0.3398016 | AA96: =8.2*D96+10.8 -> -11.34
A97: Dole St Bridge | B97: 45260.542 | C97: HP91 | D97: -2.5 | E97: -6.1 | F97: 0.03 | G97: 0.08 | H97: 22.7 | I97: 12 | J97: 12.385662 | K97: 179.8 | O97: =I97*$O$2 -> 0.3398016 | AA97: =8.2*D97+10.8 -> -9.7
A98: UH Tea Garden | B98: 45260.562 | C98: HP87 | D98: -2.5 | E98: -5.4 | F98: 0.03 | G98: 0.18 | H98: 22.8 | I98: 12 | J98: 7.954938 | K98: 180.8 | L98: =(8.06+5.17)/2 -> 6.615 | O98: =I98*$O$2 -> 0.3398016 | AA98: =8.2*D98+10.8 -> -9.7
A99: Manoa Innovation Center Bridge/Woodlawn | B99: 45260.59 | C99: HP83 | D99: -2.5 | E99: -5.4 | F99: 0.05 | G99: 0.22 | H99: 22.9 | I99: 11.7 | J99: 78.958611 | K99: 171.2 | L99: =(3.37+4.54+4.54)/3 -> 4.15 | O99: =I99*$O$2 -> 0.33130656 | AA99: =8.2*D99+10.8 -> -9.7
A100: Pawaina Bridge | B100: 45261.438 | C100: HP75 | D100: -3.9 | E100: -18.9 | F100: 0.03 | G100: 0.11 | H100: 20.9 | I100: 19.3 | J100: 70.181886 | K100: 125.1 | O100: =I100*$O$2 -> 0.54651424 | AA100: =8.2*D100+10.8 -> -21.18
...

Sheet Sheet1
A1: Date | B1: Time Collection | C1: Time Sampling | D1: Volume Sampled | E1: Analysis Sample Date | F1: Special Weather Event | G1: Additional Notes | H1: Weight Bucket | I1: Vial Slot | J1: Average | L1: Standard Deviation
J2: δ18O (‰) | K2: δ2H (‰) | L2: δ18O | M2: δ2H
A3: 44933.557 | H3: 586 | I3: =H3/13.27321775 -> 44.149053 | J3: -1.6 | K3: 5.1 | L3: 0.04 | M3: 0.15 | N3: =K3-(8*J3) -> 17.9
A4: 44942 | C4: 0.70833333 | E4: 20 ml | H4: 766.9 | I4: K8 | J4: 0.7 | K4: 12.4 | L4: 0.04 | M4: 0.26 | N4: =K4-8*J4 -> 6.8
A5: 44954.726 | H5: 164 | I5: =H5/13.27321775 -> 12.355708 | J5: -1.9 | K5: 3.5 | L5: 0.01 | M5: 0.06 | N5: =K5-(8*J5) -> 18.7
A6: 44955.688 | H6: 338 | I6: =H6/13.27321775 -> 25.464812 | J6: -3.5 | K6: -9.6 | L6: 0.05 | M6: 0.24 | N6: =K6-(8*J6) -> 18.4
A7: 44956 | C7: 0.70833333 | E7: 20 ml | H7: 1726.9 | I7: K9 | J7: -4.8 | K7: -20.5 | L7: 0.01 | M7: 0.07 | N7: =K7-8*J7 -> 17.9
A8: 44959.71 | H8: 394 | I8: =H8/13.27321775 -> 29.683835 | J8: -6.9 | K8: -44.4 | L8: 0.03 | M8: 0.19 | N8: =K8-(8*J8) -> 10.8
A9: 44967 | B9: 0.52083333 | D9: 10 ml | H9: 318.5 | I9: D8 | J9: -2.4 | K9: -8.4 | L9: 0.01 | M9: 0.08 | N9: =K9-8*J9 -> 10.8
A10: 44967 | E10: 10 ml | I10: A1 | J10: -2.5 | K10: -7 | L10: 0.05 | M10: 0.35 | N10: =K10-8*J10 -> 13
A11: 44972.68 | H11: 583 | I11: =H11/13.27321775 -> 43.923034 | J11: -5.1 | K11: -27.3 | L11: 0.02 | M11: 0.14 | N11: =K11-(8*J11) -> 13.5
A12: 44974 | E12: 10 ml | I12: A2 | J12: -6 | K12: -37.1 | L12: 0.01 | M12: 0.07 | N12: =K12-8*J12 -> 10.9
A13: 44975.348 | H13: 481 | I13: =H13/13.27321775 -> 36.238387 | J13: -13 | K13: -100.7 | L13: 0.02 | M13: 0.23 | N13: =K13-(8*J13) -> 3.3
A14: 44977.698 | H14: 322 | I14: =H14/13.27321775 -> 24.259377 | J14: -3.6 | K14: -14.8 | L14: 0.03 | M14: 0.07 | N14: =K14-(8*J14) -> 14
A15: 44981 | B15: 0.5625 | D15: 10 ml | H15: 990 | I15: D9 | J15: -3.8 | K15: -20.6 | L15: 0.03 | M15: 0.09 | N15: =K15-8*J15 -> 9.8
A16: 44981 | E16: 20 ml | I16: A3 | J16: -3.1 | K16: -13.6 | L16: 0.01 | M16: 0.14 | N16: =K16-8*J16 -> 11.2
A17: 44982 | C17: 0.70833333 | E17: 20 ml | H17: 2910.5 | I17: K10 | J17: -7.2 | K17: -46.9 | L17: 0.03 | M17: 0.18 | N17: =K17-8*J17 -> 10.7
A18: 44986.451 | H18: 214 | I18: =H18/13.27321775 -> 16.122692 | J18: -2.5 | K18: -6 | L18: 0.02 | M18: 0.19 | N18: =K18-(8*J18) -> 14
A19: 44988 | B19: 0.5 | D19: 20 ml | H19: 578.3 | I19: D10 | J19: -2 | K19: -3.2 | L19: 0.01 | M19: 0.07 | N19: =K19-8*J19 -> 12.8
A20: 44988 | E20: 20 ml | I20: A4 | J20: -3 | K20: -6.7 | L20: 0.02 | M20: 0.06 | N20: =K20-8*J20 -> 17.3
A21: 44990.583 | H21: 490 | I21: =H21/13.27321775 -> 36.916444 | J21: -4.4 | K21: -22.2 | L21: 0.01 | M21: 0.13 | N21: =K21-(8*J21) -> 13
A22: 44993.295 | H22: 207 | I22: =H22/13.27321775 -> 15.595314 | J22: -2.3 | K22: -5.5 | L22: 0.02 | M22: 0.17 | N22: =K22-(8*J22) -> 12.9
A23: 44995 | B23: 0.5625 | D23: 20 ml | H23: 354.4 | I23: E1 | J23: -2.4 | K23: -1.8 | L23: 0.02 | M23: 0.09 | N23: =K23-8*J23 -> 17.4
A24: 44995 | E24: 20 ml | I24: A5 | J24: -3.1 | K24: -9.9 | L24: 0.02 | M24: 0.03 | N24: =K24-8*J24 -> 14.9
A25: 45002 | B25: 0.45833333 | D25: 20 ml | H25: 243.3 | I25: E2 | J25: -1.3 | K25: -2.4 | L25: 0.02 | M25: 0.03 | N25: =K25-8*J25 -> 8
A26: 45002 | E26: 20 ml | I26: A6 | J26: -1.3 | K26: -2.3 | L26: 0.02 | M26: 0.11 | N26: =K26-8*J26 -> 8.1
A27: 45007 | E27: 20 ml | I27: A7 | J27: -1.4 | K27: 1.4 | L27: 0.01 | M27: 0.09 | N27: =K27-8*J27 -> 12.6
A28: 45007.519 | H28: 266 | I28: =H28/13.27321775 -> 20.040355 | J28: -1.4 | K28: -3.1 | L28: 0.02 | M28: 0.02 | N28: =K28-(8*J28) -> 8.1
A29: 45011 | C29: 0.70833333 | E29: 20 ml | H29: 2103.2 | I29: L1 | J29: -2.4 | K29: -6.8 | L29: 0.05 | M29: 0.21 | N29: =K29-8*J29 -> 12.4
A30: 45014 | C30: 0.51597222 | E30: 20 ml | H30: 549.4 g | I30: A8 | J30: -1.2 | K30: 2.5 | L30: 0.02 | M30: 0.05 | N30: =K30-8*J30 -> 12.1
A31: 45014.706 | H31: 293 | I31: =H31/13.27321775 -> 22.074527 | J31: -1.1 | K31: 2.3 | L31: 0.01 | M31: 0.06 | N31: =K31-(8*J31) -> 11.1
A32: 45016 | B32: 0.64583333 | D32: 20 ml | H32: 289.1 | I32: E3 | J32: -1.2 | K32: 0.5 | L32: 0.03 | M32: 0.04 | N32: =K32-8*J32 -> 10.1
A33: 45021 | B33: 0.47916667 | C33: 0.5 | D33: 20 ml | F33: Thunderstorm and a lot of rain on (4/3/2023) | H33: 863.1 g | I33: E4 | J33: -3.7 | K33: -15 | L33: 0.03 | M33: 0.1 | N33: =K33-8*J33 -> 14.6
A34: 45025.366 | H34: 276 | I34: =H34/13.27321775 -> 20.793752 | J34: -2.4 | K34: -6.7 | L34: 0.02 | M34: 0.13 | N34: =K34-(8*J34) -> 12.5
A35: 45028 | B35: 0.48958333 | C35: 0.49652778 | D35: 20 ml | H35: 310.5 g | I35: E5 | J35: -0.7 | K35: 4.6 | L35: 0.03 | M35: 0.37 | N35: =K35-8*J35 -> 10.2
A36: 45028 | C36: 0.55763889 | D36: 0.59027778 | E36: 20 ml | G36: Bucket was so full that their might be water in the tube | H36: 3652.4 g | I36: A9 | J36: -2.6 | K36: -6.1 | L36: 0.02 | M36: 0.1 | N36: =K36-8*J36 -> 14.7
A37: 45032 | C37: 0.70833333 | E37: 20 ml | H37: 1364.3 | I37: L2 | J37: -1 | K37: 2.4 | L37: 0.02 | M37: 0.13 | N37: =K37-8*J37 -> 10.4
A38: 45032.688 | H38: 74 | I38: =H38/13.27321775 -> 5.5751364 | J38: -1.5 | K38: 1.4 | L38: 0.02 | M38: 0.05 | N38: =K38-(8*J38) -> 13.4
A39: 45035 | B39: 0.48611111 | C39: 0.49652778 | D39: 20 ml | F39: Heavy rain the overnight | H39: 698.4 g | I39: E6 | J39: -3.1 | K39: -14.6 | L39: 0.02 | M39: 0.05 | N39: =K39-8*J39 -> 10.2
A40: 45035.306 | H40: 684 | I40: =H40/13.27321775 -> 51.532342 | J40: -2.4 | K40: -12.2 | L40: 0.02 | M40: 0.14 | N40: =K40-(8*J40) -> 7
A41: 45036 | C41: 0.40277778 | D41: 0.59375 | E41: 20 ml | G41: Potentially suspicious, funnel clogged | H41: 711.4 g | I41: A10 | J41: -0.8 | K41: -1.7 | L41: 0.03 | M41: 0.05 | N41: =K41-8*J41 -> 4.7
A42: 45037.274 | H42: 462 | I42: =H42/13.27321775 -> 34.806933 | J42: -1.6 | K42: 3.1 | L42: 0.02 | M42: 0.3 | N42: =K42-(8*J42) -> 15.9
A43: 45042.497 | H43: 304 | I43: =H43/13.27321775 -> 22.903263 | J43: -1.9 | K43: 0.6 | L43: 0.01 | M43: 0.11 | N43: =K43-(8*J43) -> 15.8
A44: 45043.681 | H44: 733 | I44: =H44/13.27321775 -> 55.223987 | J44: -1.8 | K44: 4.3 | L44: 0.02 | M44: 0.03 | N44: =K44-(8*J44) -> 18.7
A45: 45044 | C45: 0.52777778 | D45: 0.73263889 | E45: 20 ml | H45: 453.2 g | I45: B1 | J45: -1.3 | K45: 1.5 | L45: 0.01 | M45: 0.08 | N45: =K45-8*J45 -> 11.9
A46: 45044.304 | H46: 270 | I46: =H46/13.27321775 -> 20.341714 | J46: -1.9 | K46: 3.7 | L46: 0.02 | M46: 0.06 | N46: =K46-(8*J46) -> 18.9
A47: 45046 | C47: 0.70833333 | E47: 20 ml | H47: 4195.4 | I47: L3 | J47: -1.5 | K47: 1.4 | L47: 0.02 | M47: 0.05 | N47: =K47-8*J47 -> 13.4
A48: 45049 | C48: 0.51597222 | D48: 0.625 | E48: 20 ml | H48: 976.8 g | I48: B2 | J48: -1.9 | K48: 0.3 | L48: 0.02 | M48: 0.06 | N48: =K48-8*J48 -> 15.5
A49: 45051 | B49: 0.41666667 | C49: 0.52083333 | D49: 20 ml | H49: 278.2 g | I49: E7 | J49: -1.4 | K49: 3.5 | L49: 0.01 | M49: 0.12 | N49: =K49-8*J49 -> 14.7
A50: 45052.621 | H50: 77 | I50: =H50/13.27321775 -> 5.8011555 | J50: -1.9 | K50: -0.2 | L50: 0.03 | M50: 0.04 | N50: =K50-(8*J50) -> 15
A51: 45056 | H51: 1165.9 g | I51: B3 | J51: -1.8 | K51: -0.1 | L51: 0.01 | M51: 0.06 | N51: =K51-8*J51 -> 14.3
A52: 45059.635 | H52: 241 | I52: =H52/13.27321775 -> 18.156863 | J52: -1.7 | K52: 2.2 | L52: 0.01 | M52: 0.04 | N52: =K52-(8*J52) -> 15.8
A53: 45065 | B53: 0.625 | C53: 0.63194444 | D53: 20 ml | H53: 449.2 g | I53: E8 | J53: -1.3 | K53: 4.7 | L53: 0.02 | M53: 0.08 | N53: =K53-8*J53 -> 15.1
A54: 45065.603 | H54: 140 | I54: =H54/13.27321775 -> 10.547555 | J54: -3.4 | K54: -13.2 | L54: 0.03 | M54: 0.11 | N54: =K54-(8*J54) -> 14
A55: 45067 | C55: 0.70833333 | E55: 20 ml | H55: 1047.7 | I55: L4 | J55: -2.1 | K55: -1 | L55: 0.02 | M55: 0.03 | N55: =K55-8*J55 -> 15.8
A56: 45072 | B56: 0.48611111 | C56: 0.49652778 | D56: 20 ml | H56: 228.2 g | I56: E9 | J56: -0.4 | K56: 6.1 | L56: 0.02 | M56: 0.08 | N56: =K56-8*J56 -> 9.3
A57: 45072 | B57: 45072 | C57: 0.41666667 | D57: 0.49652778 | E57: 20 ml | H57: 1165.9 g | I57: B4 | J57: -1.7 | K57: 0.1 | L57: 0.02 | M57: 0.06 | N57: =K57-8*J57 -> 13.7
A58: 45079 | I58: B5 | J58: -1.6 | K58: 0.3 | L58: 0.01 | M58: 0.03 | N58: =K58-8*J58 -> 13.1
A59: 45086 | B59: 0.47916667 | D59: 20 ml | H59: 252.1 | I59: E10 | J59: -1 | K59: 2.3 | L59: 0.03 | M59: 0.08 | N59: =K59-8*J59 -> 10.3
A60: 45086 | I60: B6 | J60: -1.9 | K60: -0.7 | L60: 0.01 | M60: 0.05 | N60: =K60-8*J60 -> 14.5
A61: 45090.701 | H61: 226 | I61: =H61/13.27321775 -> 17.026768 | J61: -1.3 | K61: 0.6 | L61: 0.04 | M61: 0.14 | N61: =K61-(8*J61) -> 11
A62: 45093 | B62: 0.47916667 | D62: 20 ml | H62: 206.9 | I62: F1 | J62: -0.5 | K62: 2.8 | L62: 0.03 | M62: 0.05 | N62: =K62-8*J62 -> 6.8
A63: 45093 | I63: B7 | J63: -1.6 | K63: -1.2 | L63: 0.03 | M63: 0.18 | N63: =K63-8*J63 -> 11.6
A64: 45093.667 | H64: 0 | I64: =H64/13.27321775 -> 0
A65: 45095 | C65: 0.70833333 | E65: 20 ml | H65: 1143.2 | I65: L5 | J65: -1.9 | K65: -1.5 | L65: 0.01 | M65: 0.07 | N65: =K65-8*J65 -> 13.7
A66: 45100 | B66: 0.52083333 | C66: 0.52777778 | D66: 20 ml | H66: 248.0 g | I66: F2 | J66: -2.2 | K66: -4 | L66: 0.02 | M66: 0.1 | N66: =K66-8*J66 -> 13.6
A67: 45100 | B67: 45100 | C67: 0.5 | D67: 0.53402778 | E67: 20 ml | H67: 1505.2 g | I67: B8 | J67: -2 | K67: -2.1 | L67: 0.02 | M67: 0.03 | N67: =K67-8*J67 -> 13.9
A68: 45106.378 | H68: 110 | I68: =H68/13.27321775 -> 8.287365 | J68: -1.3 | K68: -0.1 | L68: 0.1 | M68: 0.34 | N68: =K68-(8*J68) -> 10.3
A69: 45107 | B69: 0.58680556 | C69: 0.59305556 | D69: 20 ml | H69: 290.1 g | I69: F3 | J69: -1.1 | K69: 0.8 | L69: 0.01 | M69: 0.04 | N69: =K69-8*J69 -> 9.6
A70: 45107 | B70: 45107 | C70: 0.5 | D70: 0.59375 | E70: 20 ml | H70: 1331.6 g | I70: B9 | J70: -2 | K70: -2.4 | L70: 0.02 | M70: 0.03 | N70: =K70-8*J70 -> 13.6
A71: 45109 | B71: 45265 | C71: 0.70833333 | D71: 0.5 | E71: 20 ml | H71: 711.5 | I71: L6 | J71: -1.5 | K71: -0.7 | L71: 0.02 | M71: 0.03 | N71: =K71-8*J71 -> 11.3
A72: 45111.403 | H72: 114 | I72: =H72/13.27321775 -> 8.5887237
A73: 45114 | B73: 45117 | C73: 0.5 | D73: 0.375 | E73: 20 ml | H73: 1185.2 g | I73: B10 | J73: -1.6 | K73: -1.1 | L73: 0.02 | M73: 0.07 | N73: =K73-8*J73 -> 11.7
A74: 45117 | B74: 0.5 | C74: 0.51041667 | D74: 20 ml | H74: 351.0 g | I74: F4 | J74: -0.8 | K74: 3.3 | L74: 0.01 | M74: 0.08 | N74: =K74-8*J74 -> 9.7
A75: 45121 | B75: 45124 | C75: 0.5 | D75: 0.61111111 | E75: 20 ml | H75: 794.6 g | I75: C1 | J75: -1.7 | K75: 0.8 | L75: 0.02 | M75: 0.05 | N75: =K75-8*J75 -> 14.4
A76: 45124 | B76: 0.60069444 | C76: 0.60416667 | D76: 20 ml | H76: 207.0 g | I76: F5 | J76: -0.5 | K76: 3.9 | L76: 0.01 | M76: 0.05 | N76: =K76-8*J76 -> 7.9
A77: 45128 | B77: 45131 | C77: 0.5 | D77: 0.34375 | E77: 20 ml | H77: 330.2 g | I77: C2 | J77: -1.3 | K77: -1.1 | L77: 0.01 | M77: 0.03 | N77: =K77-8*J77 -> 9.3
A78: 45131 | B78: 0.35416667 | C78: 0.35763889 | D78: 20 ml | F78: Tropical storm event (7/19/23) | H78: 230.8 g | I78: F6 | J78: -1.1 | K78: -2.8 | L78: 0.03 | M78: 0.26 | N78: =K78-8*J78 -> 6
A79: 45135 | B79: 45138 | C79: 0.5 | D79: 0.66319444 | E79: 20 ml | H79: 1694.6 g | I79: C3 | J79: -1.8 | K79: -3.9 | L79: 0.02 | M79: 0.32 | N79: =K79-8*J79 -> 10.5
A80: 45142 | B80: 45142 | C80: 0.5 | D80: 0.58333333 | E80: 20 ml | H80: 368.9 g | I80: C4 | J80: -1.6 | K80: -2.1 | L80: 0.03 | M80: 0.13 | N80: =K80-8*J80 -> 10.7
A81: 45149 | B81: 45149 | C81: 0.5 | D81: 0.66666667 | E81: 20 ml | H81: 446.1 g | I81: C5 | J81: -1.4 | K81: -1.3 | L81: 0.01 | M81: 0.08 | N81: =K81-8*J81 -> 9.9
A82: 45151 | B82: 45265 | C82: 0.70833333 | D82: 0.5 | E82: 20 ml | H82: 1087.7 | I82: L7 | J82: -1 | K82: 0.1 | L82: 0.02 | M82: 0.05 | N82: =K82-8*J82 -> 8.1
A83: 45162 | B83: 45163 | C83: 0.43055556 | D83: 0.48263889 | E83: 20 ml | H83: 1084.0 g | I83: C6 | J83: -2.2 | K83: -6 | L83: 0 | M83: 0.05 | N83: =K83-8*J83 -> 11.6
A84: 45163 | B84: 0.49305556 | C84: 0.5 | D84: 20 ml | H84: 285.7 g | I84: F7 | J84: -1.1 | K84: -0.2 | L84: 0.01 | M84: 0.03 | N84: =K84-8*J84 -> 8.6
A85: 45173 | B85: 0.5625 | C85: 0.65277778 | D85: 20 ml | H85: 282.1 g | I85: F8 | J85: -0.9 | K85: 3.7 | L85: 0.03 | M85: 0.11 | N85: =K85-8*J85 -> 10.9
A86: 45176 | B86: 45181 | C86: 0.5625 | E86: 20 ml | H86: 584.5 g | I86: C7 | J86: -1.7 | K86: 1.2 | L86: 0.01 | M86: 0.1 | N86: =K86-8*J86 -> 14.8
A87: 45183 | B87: 45183 | C87: 0.375 | D87: 0.45555556 | E87: 20 ml | H87: 401.6 g | I87: C8 | J87: -2.1 | K87: -6.9 | L87: 0.02 | M87: 0.06 | N87: =K87-8*J87 -> 9.9
A88: 45186 | B88: 45265 | C88: 0.70833333 | D88: 0.5 | E88: 20 ml | H88: 698.5 | I88: L8 | J88: -2.1 | K88: 1.7 | L88: 0.02 | M88: 0.06 | N88: =K88-8*J88 -> 18.5
A89: 45197 | B89: 45197 | C89: 0.375 | D89: 0.41666667 | E89: 20 ml | H89: 891.3 g | I89: C9 | J89: -1.7 | K89: 0.2 | L89: 0.01 | M89: 0.1 | N89: =K89-8*J89 -> 13.8
A90: 45204 | B90: 45204 | C90: 0.375 | D90: 0.58333333 | E90: 20 ml | I90: C10 | J90: -1.6 | K90: -1 | L90: 0.02 | M90: 0.04 | N90: =K90-8*J90 -> 11.8
A91: 45218 | B91: 45218 | C91: 0.375 | D91: 0.45833333 | E91: 20 ml | H91: 512.3 g | I91: D1 | J91: 0 | K91: 4.3 | L91: 0.03 | M91: 0.08 | N91: =K91-8*J91 -> 4.3
A92: 45223 | B92: 0.47569444 | C92: 9 AM (10/25) | D92: 20 ml | H92: 251 g | I92: F9 | J92: -1.2 | K92: 0.5 | L92: 0.01 | M92: 0.02 | N92: =K92-8*J92 -> 10.1
A93: 45223 | B93: 45223 | C93: 0.375 | D93: 0.45833333 | E93: 20 ml | H93: 413.9 g | I93: D2 | J93: -2.2 | K93: -1.8 | L93: 0.03 | M93: 0.05 | N93: =K93-8*J93 -> 15.8
A94: 45235 | B94: 45265 | D94: 0.5 | E94: 20 ml | H94: 4264.5 | I94: L9 | J94: -1.6 | K94: -0.3 | L94: 0.02 | M94: 0.06 | N94: =K94-8*J94 -> 12.5
A95: 45239 | B95: 45239 | C95: 0.375 | D95: 0.45833333 | E95: 20 ml | H95: 0 | I95: D3 | J95: -1.5 | K95: 1.9 | L95: 0.02 | M95: 0.04 | N95: =K95-8*J95 -> 13.9
A96: 45246 | B96: 45246 | C96: 0.375 | D96: 0.38263889 | E96: 20 ml | H96: 1002.5 | I96: D4 | J96: -1.7 | K96: 3.5 | L96: 0.03 | M96: 0.08 | N96: =K96-8*J96 -> 17.1
A97: 45247 | B97: 0.45833333 | C97: 0.63541667 | D97: 20 ml | H97: 235 g | I97: F10 | J97: -0.8 | K97: 6.6 | L97: 0.02 | M97: 0.1 | N97: =K97-8*J97 -> 13
A98: 45251 | B98: 45251 | C98: 0.375 | D98: 0.46527778 | E98: 20 ml | H98: 2125.1 | I98: D5 | J98: -1.9 | K98: 1.1 | L98: 0.01 | M98: 0.04 | N98: =K98-8*J98 -> 16.3
A99: 45257 | B99: 45257 | C99: 0.375 | D99: 0.47708333 | E99: 20 ml | H99: 1261 | I99: D6 | J99: 0 | K99: 6.1 | L99: 0.03 | M99: 0.09 | N99: =K99-8*J99 -> 6.1
A100: 45258 | B100: 0.41666667 | C100: 9 AM (11/30) | D100: 20 ml | H100: 267.5 g | I100: G1 | J100: -2.8 | K100: -7.2 | L100: 0.01 | M100: 0.12 | N100: =K100-8*J100 -> 15.2
...

Sheet Sheet2
B2: Date Collected | C2: Average
C3: δ18O (‰) | D3: δ2H (‰)
B4: 44967 | C4: -2.5 | D4: -7
B5: 44974 | C5: -6 | D5: -37.1
B6: 44981 | C6: -3.1 | D6: -13.6
B7: 44988 | C7: -3 | D7: -6.7
B8: 44995 | C8: -3.1 | D8: -9.9
B9: 45002 | C9: -1.3 | D9: -2.3
B10: 45007 | C10: -1.4 | D10: 1.4
B11: 45014 | C11: -1.2 | D11: 2.5
B12: 45028 | C12: -2.6 | D12: -6.1
B13: 45036 | C13: -0.8 | D13: -1.7
B14: 45044 | C14: -1.3 | D14: 1.5
B15: 45049 | C15: -1.9 | D15: 0.3
... B40: 45267 | C40: -4.6 | D40: -25.2
